species_group,count,avg_height,median_height,min_height,max_height,sd_height
Other Species,44,174.6590909090909,180,66,264,39.39185559892333
Human,30,178,181,150,202,12.045889268786347
Droid,5,131.2,97,96,200,49.14977110831748
Wookiee,2,231,231,228,234,4.242640687119285
